<?xml version="1.0" encoding="UTF-8"?>
<project-private xmlns="http://www.netbeans.org/ns/project-private/1">
    <editor-bookmarks xmlns="http://www.netbeans.org/ns/editor-bookmarks/2" lastBookmarkId="1">
        <file>
            <url>src/Presentacion/Mantenimientos/mProducto.java</url>
            <bookmark id="1">
                <name/>
                <line>58</line>
                <key/>
            </bookmark>
        </file>
    </editor-bookmarks>
    <open-files xmlns="http://www.netbeans.org/ns/projectui-open-files/2">
        <group>
            <file>file:/C:/Users/Anthony/Documents/NetBeansProjects/Procoin/src/Negocio/clsDetalle.java</file>
            <file>file:/C:/Users/Anthony/Documents/NetBeansProjects/Procoin/src/Presentacion/Mantenimientos/mProducto.java</file>
            <file>file:/C:/Users/Anthony/Documents/NetBeansProjects/Procoin/src/Negocio/clsProveedor.java</file>
            <file>file:/C:/Users/Anthony/Documents/NetBeansProjects/Procoin/src/Presentacion/Consultas/mConsultar.java</file>
            <file>file:/C:/Users/Anthony/Documents/NetBeansProjects/Procoin/src/Negocio/clsEntrada.java</file>
            <file>file:/C:/Users/Anthony/Documents/NetBeansProjects/Procoin/src/Presentacion/Mantenimientos/mProveedor.java</file>
            <file>file:/C:/Users/Anthony/Documents/NetBeansProjects/Procoin/src/Presentacion/Mantenimientos/mEntrada.java</file>
        </group>
    </open-files>
</project-private>
